sec,D4_1,D4_2,D4_3,D4_4,D4_5,D4_6,D4_7,D4_8,D4_9,D4_10
0,21535.537,25475.387,26271.768,33124.062,18827.74,49618.652,25366.572,27320.08,24406.072,39658.047
10.056,21518.338,25357.562,25850.934,32707.396,18867.555,51083.047,25864.547,27280.293,25004.797,39484.312
20.112,21752.949,25890.125,25940.9,33408.23,18872.213,50171.508,25532.238,27926.566,24898.023,39557.938
30.169,21462.287,26077.199,26081.232,31806.438,19230.666,51134.652,25536.572,28128.566,25017.893,39445.625
40.225,21733.488,25654.426,26366.4,32687.438,18619.648,51220.363,25866.762,28112.838,24497.572,39392.75
50.281,32023.775,25580.025,27051.367,32523.416,18821.824,51633.699,25894,27535.869,24998.834,39477.844
60.337,21704.801,28395.213,26840.834,32288.896,18917.584,51053.254,25248.881,28206.688,24821.203,39075.203
70.394,21707.699,29974.1,26043.1,31621.438,18787.426,50942.922,25387.285,27919.172,25272.893,39652.281
80.45,21899.375,27106.312,24628.934,31709.188,18875.982,50969.762,25791.453,28404.586,24883.893,38961.609
90.506,21462.324,26022.838,24892.699,32637.812,19083.703,50788.922,25795.881,28110.555,24915.988,39141.781
100.562,21377.062,25723.113,25142.967,32677.771,18781.547,51101.27,25521.309,27762.898,24787.477,38270.781
110.619,21874.176,25516.537,25136.867,32975.332,18625.982,51893.078,25269.572,28395.283,24867.559,38448.734
120.675,21807.275,25991.4,25353.566,31609,18744.25,51427.383,25786.119,27907.627,25245.631,38466.672
130.731,21806.137,25995.363,25014.768,31252.5,18603.592,51448.477,25879.809,27833.191,24850.047,39411.328
140.787,21682,26407.275,25245.166,31076.104,18830.676,50834.586,25873.285,28566.738,24838.619,38971.578
150.844,21840.426,26658.35,65020.934,56726.543,18751.379,52275.176,25082.238,27705.535,24277.477,38838.562
160.9,21774.1,26237.375,49596.832,31787.354,19356.574,51688.207,25271.762,28280.627,24834.857,39089.609
170.956,21860.426,25991.412,26136.133,31499.438,23358.074,50932.129,25828.572,27982.939,24519.977,39158.172
181.012,21075.6,25652.088,23567.232,30941.666,19665.027,49660.762,24820.572,27926.566,24740.596,38882.266
191.069,21484.613,26574.301,23992.666,31061.75,18489.564,63049.398,24392.357,27388.908,24079.166,38961.531
201.125,21417.1,26043.938,24320.768,31077.021,18830.695,51173.176,24710.596,27818.799,24199.023,39548.672
211.181,21237.475,26246.463,24462.533,29776.541,18355.639,50143.078,24582,27573.373,24181.619,38928.703
221.237,21537.812,26753.975,24250.5,29871.938,18759.064,50504.129,25055.047,27767.506,24215.334,38471.016
231.294,21454.801,26176.162,24841,29807.062,18580.639,50676.285,24976.5,27720.879,24638.143,39465.047
241.35,21490.9,26604.65,24903.5,29312.209,18790.879,49891.699,24065.547,27872.465,24470.369,38663.375
251.406,21266.088,26910.699,24999.566,29619.25,18561.639,49887.398,24571.191,26985.777,24394.072,38624.031
261.462,21077.338,26455.287,23951.467,28878.396,18566.713,50658.793,25357.834,27925.627,24322.131,38312.234
271.519,21269.551,26886.074,23878.232,28828.854,18386.963,50641.414,25476.619,27900.182,24519.357,38078.469
281.575,21198.051,26499.938,24148.334,29141.5,18311.139,50177.984,25406.928,28112.848,25034.809,37983.266
291.631,21400.551,26811.1,24137.566,28745.896,18614.611,50504.238,24750.904,27651.949,25146.465,38366.641
301.688,21655.113,27077.162,24685.301,28168.104,18516.213,49929.539,25732.762,27542,24024.666,37721.641
311.744,21574.512,26509.676,23786.801,29077.646,18371.695,49202.348,25316.453,27871.506,24410.393,37730.891
321.8,21648.801,27793.912,24694.434,28750.584,18091.232,50132.891,25992.072,27812.354,24840.773,38796.406
331.856,21560.738,26571.426,23745.633,28670.521,18498.436,49378.16,25423.238,27890.475,24149.465,38390.922
341.912,21635.062,26843.125,24381.666,29242.646,18394.611,49023.684,26239.428,29117.818,24370.119,38345.156
351.969,21136.25,26494.762,23510.6,27629.354,18286.129,48063.953,25114.857,28126.748,24668.154,37984.719
362.025,21386.213,26868.387,23675.467,27559.812,18417.092,48061.84,25616.096,27526.688,24912.785,38695.531
372.081,21476.051,26638.363,24290.334,27438.625,18677.268,47963.84,25451.572,28061.525,25126.381,37931.844
382.137,21577.25,26142.4,24020.166,27351.959,18458.232,47730.555,25781.809,27544.273,24595.643,37667.906
392.194,21437.137,26566.812,23414.533,27198.312,18681.473,47919.461,25588.834,27774.445,25156.822,37810.312
402.25,21109.912,26551.449,23710.533,27539.75,18528.953,48602.348,25551.834,27854.879,25543.678,37641.594
412.306,21331.9,26722.426,24148.4,26613.916,18640.379,47721.145,25740.334,28025.02,24859.334,37564.922
422.362,21597.301,26433.574,24790.6,27357.625,18799.76,47699.316,26254.691,28888.555,25296.334,37749.5
432.419,23661.275,27086.363,24058.268,27048.75,18823.51,47682.652,25441.785,27559.516,25739.785,38536.047
442.475,21359.887,26406.699,24984.4,26655,18530.621,46914.824,25722.904,27993.102,25261.428,38172.109
452.531,21547.537,26524.5,25202.533,26922.959,18510.76,47490.129,25653.191,28242.768,25668.404,37705.766
462.587,21315.287,26643.463,24265.834,26652.166,18608.268,47025.953,25674.928,27403.273,25562.738,37605.719
472.644,21334.738,26232.787,24618.232,26632.979,18431.084,48195.523,25398.143,27648.738,25849.797,38081.297
482.7,21664.324,26747.613,22906.666,26866.625,18826.861,47357.922,25341.596,28058.363,25745.238,38327.266
492.756,21366.787,26838.625,23312.467,26167.729,18921.342,47210.461,25539.834,27819.758,26253.607,37797.406
502.812,21373.062,26462.762,23737.934,26648.312,18570.5,48315.332,65535,28152.555,26369.631,38029.047
512.869,20862.812,27079.4,23391.732,26685.5,18666.686,48654.602,37991.262,28482.678,26253.012,38064.109
522.925,21393.113,26245.412,22865.367,26426.209,18845.898,49483.461,26734.191,28265.404,26731.369,37646.5
532.981,21385.676,26351.75,23402.434,26454.709,18719.621,49377.414,25089.857,27990.373,27177.072,38282.188
543.037,21006.875,26141.287,24320.768,27323.312,18672.24,49339.602,25907.072,28637.041,26383.166,38274.344
553.094,21029.824,26442.137,24160.6,26182,18660.342,48615.363,25399.285,28515.92,26888.785,39377.719
563.15,21286.074,26470.15,25265.1,26304.104,18427.713,49301.129,25219.477,28247.787,26536.369,38394.531
573.206,21191.775,26218.475,24638.133,26328.875,18813.324,48299.398,25312.119,28103.605,27518.154,38011.203
583.262,21174.012,26868.963,24066,25560.438,18552.26,49762.414,25854.785,28334.738,27556.762,37575.031
593.319,21271.812,26612.051,23608.268,25818.791,18583.658,49219.777,24875.143,27946.879,27211.977,37878.297
603.375,21646.5,25877.562,23419.232,25492.688,18460.305,48882,24925.285,27927,26865.928,37040.812
613.431,21208.287,26172.137,24828.732,26955.334,18371.768,48805,24699.762,28088.768,27228.238,37949.75
623.487,21128.25,25844.338,24438.166,26458.541,18278.945,49596.047,25306.666,28214.051,27674.523,37720.828
633.544,21480.65,25634.938,23583.967,26080.041,18264.953,50459.855,25432.047,28416.516,28122.797,40223.609
643.6,21040.137,25628.688,23812.732,26108.666,18471.75,49878.602,25582.357,28066.152,27901.119,37750.172
653.656,21020.062,24884.35,24131.5,25696.771,18503.936,49670.906,24452.357,28267.717,27838.977,37399.125
663.712,21354.738,25418.801,24636.533,26024.75,18177.686,49658.508,24586.334,28371.312,28216.596,36453
673.769,21039.574,25720.176,23683.166,25605.25,18285.768,49334.57,24385.834,27565.969,28515.191,37099.5
683.825,21465.199,25014.287,23706,26033.354,18270.064,49698.555,24092.834,28236.777,28707.465,36281.453
693.881,21306.713,25255.137,23663.199,25835.041,18318.389,49888.793,24081.928,27913.586,28826.262,37108.891
703.938,20855.375,25165.9,23584,25876.062,18289.092,49583,24190.834,28147.545,28945.047,37429.188
713.994,21833.6,24655.025,24044.699,25727.271,18654.371,49306.906,23943.5,28073.98,29084.441,36508.141
724.05,21493.787,25473.688,23745.633,25731.041,18281.49,50042.062,23935.953,27821.201,29927.297,36014.688
734.106,21281.613,25020.025,24162.1,25580.5,18071.75,49930.238,24304.215,27790.688,29465.846,37357.672
744.162,21054.988,24814.088,23361.166,25362.041,17864.936,51023.555,23845.404,28101.768,29302.904,37306.203
754.219,20858.199,25110.9,22836.367,25578.562,18121.334,50233.145,24117.857,27772.656,29935.5,36859.281
764.275,21345.6,24702.537,21689.268,25424.062,18277.297,49978.207,23872.666,39997.496,30502.654,37567.141
774.331,21126.537,25176.725,22447.4,25806.375,17776.805,49237.906,23036.928,35726.969,29829.797,37321.844
784.387,21633.338,24722.512,21684.633,25559.416,18194.621,49489.238,22996.547,28501.182,30425.857,36759.094
794.444,21008.1,25211.662,23107.934,25799.75,18048.436,49683.285,24249.596,27812.354,30238.988,37391.891
804.5,21410.238,25451.25,22145.367,25715.854,17747.139,49254.684,24056.834,27925.182,30355.559,37409.047
814.556,21318.176,25065.775,22458.033,26033.291,18281.074,49736.348,23818.215,27893.232,30270.559,36606.812
824.612,21136.238,25225.363,22465.768,26051.5,17714.936,49175.477,23120.762,27704.666,31036.572,36164.078
834.669,21214.662,25296.35,22589.334,25896.104,17862,49338.84,23392.191,28178.424,30660.143,36101.234
844.725,21022.426,24985.65,23080.533,26048.604,18270.482,48606.715,23476.047,28092.535,31543.273,36158.375
854.781,21045.275,26131.475,23196.5,25810.209,17980.213,48832.637,23915.166,28255.707,42044.82,36905.703
864.837,21240.838,25375.838,23390.066,25815,18205.629,48854.363,22790.619,28549.242,32258.059,36522.359
874.894,21187.738,25224.801,22191.066,25633.834,17951.787,48684.398,24309.643,28456.334,31739.965,36315
884.95,20673.463,25612.625,22275.033,25769.188,17811.129,48630.016,24319.477,27865.596,32276.047,36093.359
895.006,20799.875,25101.25,22056.967,26413.812,18246.76,49625.871,24291.191,28357.404,31792.834,36196.312
905.062,20945.775,24966.824,22807.434,26691.188,18099.695,49256.922,24832.619,27806.869,31563.393,37061.609
915.119,21341.025,25381.551,21947,26349.916,18386.547,49115.906,24785.857,27952.445,31752.465,36425.859
925.175,21187.738,25818.051,22450.434,26100,18157.371,51874.176,24754.309,28504.414,31577.072,36734.125
935.231,21427.426,25290.65,20940.232,26466.209,18294.223,50257.891,24704.096,28417.92,32320.178,36488.078
945.287,21250.637,25036.6,22252.199,25924.646,18062.842,48438.871,24429.523,28454.01,31706.166,36708.375
955.344,21250.588,24989.676,21800.6,26340.312,18032.75,49059.254,23549.072,28443.799,32005.846,36418.062
965.4,21522.375,24804.35,21937.867,26470.916,18082.723,50592.762,25197.762,28654.637,31819.465,36067.625
975.456,21308.949,25156.725,21555.066,26481.5,18014.064,49444.223,24523.262,28881.666,32696.154,36609.625
985.512,21357.062,25085.162,22041.6,26419.416,18073.842,49910.652,23998.023,28071.678,32458.012,35965.328
995.569,21804.363,24409.562,21285,26508.166,17455.584,49786.445,24660.523,28767.898,32501.107,36528.844
1005.625,21434.838,25077.188,21245.301,25761.584,17601.379,49301.145,24379.309,28195.566,32482.072,36783.438
1015.681,21613.324,25197.312,21046.967,25554.771,17973.834,50497.602,23960.881,27960.334,32364.393,35748.734
1025.737,22037.824,24424.475,21216.334,26543.375,17872.166,49787.176,24515.596,28120.232,31851.131,36395.094
1035.794,21909.051,24439.363,21056.1,26345.104,17936.547,49871.445,25256.596,28085.576,32435.107,36418.719
1045.85,22623.588,24258.012,21283.4,26833.25,17793.342,49544.57,24786.904,28060.201,32119.131,36185.578
1055.906,22290.113,23638.449,20267.434,26163.041,18035.74,48897.969,24443.809,27870.656,32064.631,36246.375
1065.962,21421.074,23784.375,20131.666,26317.438,17919.629,48808.652,24342.357,28161.414,31773.166,35892.453
1076.019,21697.988,23512.588,20195.699,27338.562,18292.5,49582.207,24599.5,28102.213,31863.643,35965.375
1086.075,21584.088,23644.725,21387.1,27228.021,18400.547,48746.871,24404.477,28262.111,32073.428,35348.266
1096.131,21671.113,23477.688,21274.199,26974.396,17945.01,49301.871,24772.809,27638.566,32499.988,36313.578
1106.188,21398.812,23353.625,21541.232,26552.875,17916.592,48931.398,24619.119,28386.969,32069.047,35961.109
1116.244,21522.312,23110.525,21057.633,26368.979,17785.277,49002.602,24670.357,28073.555,32407.346,36141.281
1126.3,21685.412,23471.426,21016.533,26575.875,18193.352,48271.129,25346.928,28013.92,31970.381,36127.734
1136.356,21743.162,23267.088,21088.166,26246.938,17863.695,48639.398,24181.072,27434.223,32038.012,36485.906
1146.412,21660.887,23642.412,20718.9,25776.812,18126.389,47846.094,24758.643,27442.092,32492.893,36419.422
1156.469,21667.738,23310.088,20949.367,26798,18084.842,47881.699,24455.666,27886.373,32740.797,36396.609
1166.525,22102.525,23851.801,21626.699,26031.396,18170.074,47726.238,24942.785,28449.395,32823.633,36955.719
1176.581,22075.051,23823.262,20632,26225.959,17995.861,47639.145,25342.547,27665.777,33262.191,35924.562
1186.637,21774.062,23647.574,21960.834,26194.5,18185.732,48045.254,24446.857,27771.666,33119.43,35948.062
1196.694,21934.824,23077.262,21814.4,26123.834,18132.352,48027,24708.334,27761.07,33084.582,35817.312
1206.75,21875.875,23375.863,21538.166,27014.375,18294.621,48786.129,24905.596,27599.768,33301.441,36637.531
1216.806,21613.35,22643,21307.9,27339.584,18444.24,48402.508,24308.5,28239.99,33643.082,35809.453
1226.862,21248.938,22242.088,21899.699,26971.5,18187,47173.383,24799.904,28319.959,33821.727,35976.719
1236.919,21513.801,21825.637,21882.967,27012.521,18020.055,46861.062,24939.381,28015.334,33516.133,36997.938
1246.975,21385.1,22106.475,22180.434,27435.834,18126.371,48155.555,24092.785,28605.152,33435.406,35938.125
1257.031,21778.713,22154.488,21722.867,27375.729,18321.24,47891.145,24492.715,28020.363,33774.297,35743.672
1267.087,21748.301,22527.525,21687.699,27228.896,18010.287,48594.363,24712.762,28139.646,34711.441,36259.969
1277.144,22184.25,22188.25,21309.4,27094.521,17934.814,47801.793,25133.334,28483.576,34622.617,36249.234
1287.2,21726.062,23057.262,21988.301,27546.438,18264.963,47257.652,24517.715,27996.312,33830.441,35947.453
1297.256,21878.225,21977.176,21451.268,27364.312,18192.111,47556.27,24930.762,28187.322,34602.453,37096
1307.312,21600.775,21710.051,21132.367,27392.959,18160.268,47207.523,25017.928,27964.969,33868.633,36521
1317.369,21868.5,22036.162,21403.867,26779.875,18064.953,47020.84,24987.381,27807.334,34408.023,35740.078
1327.425,22145.988,21949.688,20668.699,26533.812,18030.629,46800.078,25089.857,27518.869,34998.582,36191.312
1337.481,21390.801,22299.801,21658.633,27024.896,18134.879,46948.207,24117.857,28130.414,34623.145,35945.984
1347.537,22118.488,21919.988,21353.666,26947.666,18339.973,47134.922,24558.119,27761.031,34326.773,36455.094
1357.594,22297.537,22229.488,22104.232,26997.291,18211.953,46751.398,24799.977,27540.545,34380.703,35507.672
1367.65,21917.125,22064.088,22133.033,26541.521,18105.232,46153.477,24152.809,27554.828,34293.035,35717.281
1377.706,22168.275,22188.824,22381.834,26872.396,17950.99,46348.906,24517.762,27395.768,34399.809,35871.656
1387.762,22420.5,22215.787,21420.768,26664.562,18120.879,45583.223,24142.977,27654.717,33424.047,35440.453
1397.819,22298.113,23057.838,22101.033,26409,18032.324,45734.414,23860.715,27572.445,33787.953,35496.969
1407.875,22048.074,23034.324,21843.301,26099.084,18656.518,44492.824,24153.834,27303.373,33232.25,35232.406
1417.931,22237.5,23893.6,22218.566,26198.354,18092.936,45406,24136.357,27558.102,33922.523,35675.766
1427.987,21756.363,22692.301,22415.4,26673.062,18201.416,44813.223,23983.785,27200.312,33787.406,36225.656
1438.044,22151.051,23530.9,22390.934,26395.646,18183.592,45012.285,24555.904,27595.102,33615.227,35469.016
1448.1,22230.613,24062.312,22660.9,27005.875,18140.797,44421.762,24735.619,27843.344,34104,36135.484
1458.156,21842.787,23393.588,22279.566,25976.084,18046.703,44360.617,24072.072,27427.748,33706.215,35752.297
1468.212,22159.65,24093.238,22940.199,26593.062,18508.666,43725.809,24875.166,28293.162,34266.273,35946.156
1478.269,22400.512,23919.4,21943.9,26560.562,18078.982,43520.953,24839.191,28206.201,34100.773,36459.5
1488.325,21774.113,23887.85,22545.133,25963.729,18072.99,44512.461,24562.381,27722.182,33866.965,36222.781
1498.381,22111.625,24319.275,22688.5,26374.562,18341.277,44719.477,24767.309,28465.141,33733.453,35780.828
1508.438,22196.812,23527.449,22563.334,26970.584,18463.713,45160.492,24609.238,28619,34153.035,35497.672
1518.494,22574.375,24199.113,22275,26817.959,18250.121,46456.43,24245.357,28933.859,34848.738,36186.266
1528.55,21996.637,23381.6,21869.199,26599.688,18080.639,44795.809,24440.381,28096.242,35274.332,35833.75
1538.606,22569.875,23967.387,21716.732,26646.459,18068.76,45130.715,24887.143,28273.213,34993.715,35724.328
1548.662,22448.537,23843.25,21532.066,26059.146,18303.963,45487.363,25121.428,28150.799,34849.297,35613.5
1558.719,22323.275,24016.613,21704.467,25550.896,18267.111,45406.746,25064.785,27852.576,35033.488,37035.766
1568.775,22625.887,23688.213,22597,26122.979,18120.926,46891.461,24533.072,27553.959,34339.344,37103.047
1578.831,22055.613,24387.324,22714.367,26205.896,18329.379,47199.637,24360.904,27730.566,33882.203,35803.031
1588.887,22115.574,23465.713,22631.934,26137.209,18064.139,47873.73,24357.547,27834.586,34447.215,35677.094
1598.944,22435.426,23355.301,22377.066,26249.709,18278.518,47838.777,24642.023,27804.051,35201.238,35981.047
1609,22520.088,23493.738,22555.732,26256.479,18038.297,46638.871,24227.977,28109.152,34774.082,35588.484
1619.056,22703.662,23037.162,22053.834,26293.625,18012.371,45577.363,24882.809,28217.787,34610.094,34869.125
1629.112,22708.262,22867.225,22702.199,26797,17966.639,46393.238,24167.928,27814.213,34507.656,35549.922
1639.169,22276.975,22719.738,22715.934,26972.479,18110.324,46699.746,24394.643,28223.768,34631.918,36339.344
1649.225,22438.275,22814.725,23222.334,26831.396,18115.889,46249.43,24399.023,28621.859,34637.309,36438.062
1659.281,22547.512,21864.5,22712.801,26820.834,18130.695,47580.191,24773.785,27855.322,34645.5,35376.172
1669.337,22601.301,22885.025,22430.633,26142.979,17985.26,47413.922,24786.928,28754.879,34834.035,35132.984
1679.394,23103.537,22660.188,22882.166,26599.709,18162.426,47365.16,24721.453,27795.768,34300.07,34872.641
1689.45,22851.262,22496.6,22612.1,26238.271,17964.092,49154.398,24479.643,27833.627,34897.773,35310.328
1699.506,22918.199,23282.662,22734.199,25930.312,18121.314,47156.047,25443.881,28239.959,34649.906,35578.5
1709.562,23030.963,22565.775,23014.934,26485.271,18124.297,45926.109,25211.834,28058.312,34501.715,34702.562
1719.619,23079.551,22531.449,22244.467,25829.25,17858.166,46099.031,25066.977,28024.484,34327.344,35494.812
1729.675,23557.176,22654.449,22912.6,25794.979,18207.297,46631.523,24927.453,27845.191,35213.227,34076.109
1739.731,23008.613,22030.4,22744.9,26172.5,18201.871,46378.746,24598.428,27658.898,34387.285,35071.531
1749.787,23239.15,22321.551,23162.9,25951.25,18221.732,46925.652,25980.072,28032.484,34782.285,35714.359
1759.844,23434.238,22208.287,23152.199,26033.354,18120.027,47152.363,25010.285,27676.465,35074.809,35128.688
1769.9,23351.9,22984.037,22632.033,25758.729,17937.842,46380.891,24907.904,28206.213,34846.547,34921.344
1779.956,23255.762,22481.801,23048.4,25736.834,17826.797,46622.809,24741.166,28037.494,35147.32,35431.906
1790.012,23767.762,22636.25,22670.232,25796.896,18300.518,47274.398,24852.334,27970.445,35085.18,35770.172
1800.069,24027.488,22793.488,23265.166,26041.875,18301.01,46275.508,24166.928,27533.596,35020.418,56016.953
1810.125,23952.512,22463.988,23921.066,25914.146,18059.861,46557.383,24086.285,27614.949,34843.285,34637.391
1820.181,23977.637,22144.801,23635.867,25745.375,18205.658,45490.238,24259.453,27441.688,35487.32,35054.359
1830.237,23492.025,22315.863,22966.133,25822.521,17746.287,45131.383,24966.666,27443.484,35789.094,35220.969
1840.294,23897.051,22740.938,23368.834,25916.062,17984.027,45237.445,23857.477,27687.99,35340.703,35715.219
1850.35,23597.275,22818.725,22819.6,25682.5,17938.703,44848.777,24823.928,27600.223,35527.605,36490.234
1860.406,23576.688,22463.949,22601.5,25789.25,17709.055,45694.398,24250.762,27939.475,35634.383,34421.469
1870.462,23665.912,22571.562,22805.9,25571.959,17770.871,45260.715,23757.191,27298.303,35472.523,35207.375
1880.519,23443.9,22344.438,22551.133,25485.104,17773,45885.461,24112.477,27516.061,35183.238,35208.75
1890.575,23474.262,22902.213,22336,25524.229,17808.621,45172.793,24522.072,27897.889,35564.145,35389.75
1900.631,23525.225,22471.463,22383.367,25875.041,17606.861,45815.73,24639.691,28191.465,35486.738,35612.828
1910.687,23410.762,23096.199,22262.867,25413.646,17854.361,46419.363,24948.238,27941.799,35567.977,34925.672
1920.744,23265.512,23244.262,22148.5,25232.396,17984.037,45411.84,24671.381,27909.949,35624,35412.625
1930.8,23750.588,23071,22674.699,25096.062,17794.648,44678.145,24291.119,28042.121,35379.953,35214.562
1940.856,23287.188,23260.9,22543.5,24781.375,17895.482,45602.906,25046.262,27764.727,35630.035,35604.938
1950.912,23421.1,23086.4,22418.434,25585.25,17659.408,45379.809,24108.072,27800.363,35505.785,35132.969
1960.969,23238.625,23501.188,21811.166,25617.625,17808.592,45554.969,23516.381,27472.586,36007.047,34863.422
1971.025,23171.65,23629.238,22944.666,25293.479,17761.111,44567.746,24140.785,27584.92,35998.355,35213.828
1981.081,22994.301,23338.088,22709.834,26117.291,18182.305,44539.398,23872.619,28109.605,36181.941,35634.25
1991.137,22846.15,23222.574,22291.834,25873.166,18055.639,45116.891,23674.357,27770.293,35083.559,35639.281
2001.194,22965.713,23000.012,22792.166,26039.021,17928.537,44734.016,23412.857,27511.414,35650.156,34317.812
2011.25,23086.963,23040.074,22461.1,26345.062,17878.518,44887.301,23935.977,27025.586,35588.082,34440.734
2021.306,22284.975,22969.125,22212.5,25727.291,18214.158,43509.27,23746.215,26969.213,35356.547,34876.312
2031.362,22710.512,23363.312,22810.467,25668.084,17984.814,44492.145,24160.453,27028.322,35331.441,35697.922
2041.419,23360.5,23095.574,23199.5,25836.916,17955.232,44803.031,23925.072,26853.131,35164.18,34599.516
2051.475,23144.225,23463.949,23316.9,26655.916,17900.936,44511.031,23857.428,27171.201,35502.57,35583.547
2061.531,23790.025,23194.537,22708.199,26051.521,17748.416,45181.523,23168.809,27067.615,35649.094,34542.359
2071.587,23187.738,23115.574,24075.133,25655.791,18016.223,45823.715,23838.904,27071.334,34822.559,35571.281
2081.644,23164.162,22939.375,25127.732,26080.021,17887.445,45854.191,23625.381,27068.162,35434.977,34759.031
2091.7,23219.688,23179.699,23075.9,25595.688,18169.602,45367.508,23652.596,26861.939,35555.918,35327.5
2101.756,23305.562,22927.412,24105.633,26711.25,17954.371,45692.984,24211.547,27211.434,34962.059,35691.453
2111.812,23045.199,22910.738,24096.4,26364.166,17915.768,45036.254,23638.428,27045.92,35393.07,35471.234
2121.869,23269.488,22795.225,24084.232,25743.5,18185.352,44100.586,23393.238,27627.02,34953.832,35831.719
2131.925,23263.162,22954.863,23384.066,26151.541,17977.232,44475.445,23051.096,27384.303,34828.07,35620
2141.981,23178.463,23274.574,23959.199,25990.396,17696.713,44452.176,22842.977,27069.516,35418.07,35112.266
2152.037,23046.975,22994.863,24162.033,26440.438,18545.51,44136.906,23504.404,27346.434,34881.953,35946.734
2162.094,23278.012,22513.137,22709.801,26281.25,18312.398,43979.285,23222.143,27284.908,35402.785,34901.281
2172.15,23541.775,23176.275,24105.566,25981.812,18431.879,43426.508,24199.523,26487.041,35029.047,35238.109
2182.206,22828.412,23358.188,22897.5,25887.459,18383.629,44109.27,24261.785,26769.92,35371.227,35431.188
2192.262,23468.551,23632.176,22876.133,26032.312,18149.287,43531.078,23622.047,27089.879,34929.918,35306.734
2202.319,23167.113,23337.512,22384.867,25580.438,18097.176,42069.523,23432.428,26593.848,34925.594,35391.094
2212.375,23095.012,23656.775,23053.033,25443.209,18334.871,42493.699,23721.191,26271.605,35269.855,35287.422
2222.431,23548.6,23403.387,23587,26252.584,18075.584,43103.938,23995.809,26656.717,35341.203,36102.672
2232.487,23118.988,23585.812,23568.699,25460.291,18092.111,42652.109,23826.928,26816.121,34252.691,35930.297
2242.544,22993.162,23568.637,22535.867,26275.562,18132.305,41850.824,23339.881,26845.312,35790.227,34975.031
2252.6,23272.926,23311.238,23344.4,25694.791,18217.473,42979.762,23679.762,26287.777,34801.832,35434.734
2262.656,23608.713,23311.262,24307.1,26366,18388.287,42208.207,24293.309,26302.586,35425.703,35289.578
2272.712,23004.025,23113.301,23771.533,27054.5,18201.379,42591.762,24078.643,26543.848,35098.773,34641.047
2282.769,23454.812,23556.074,24543.434,26449.979,18142.926,42239.539,23458.643,26555.848,35705.203,34669.641
2292.825,23491.975,23911.863,24734.199,25980.812,18353.953,42014.316,23038,26668.688,34819.355,35383.969
2302.881,23328.975,23909.65,24456.533,26444.312,18225.99,41831.938,22960.691,26527.252,35065.594,34658.906
2312.938,23186.574,23552.65,24488.566,25568.084,18300.564,41609.016,23091.428,26412.566,35957.453,35070.828
2322.994,23210.488,23671.65,24740.334,25702.459,18518.379,41407.715,23577.404,26148.191,35161.465,35498.453
2333.05,22699.699,23906.213,24357.4,25790.209,18374.76,41703.316,23484.762,26558.213,35392.477,35142.312
2343.106,22771.213,23500.537,25085.033,25609.979,18456.5,42070.223,23223.215,26977.506,35936.168,35446.922
2353.162,23344.363,23359.213,24567.867,25714.854,18484.879,42057.809,23254.904,26403.777,35202.941,35342.547
2363.219,22918.812,23582.938,25617.4,25454.646,18263.676,41642.363,23785.523,26780.576,35558.094,35498.406
2373.275,23068.15,23379.287,25290.934,25304.854,18293.352,41352.492,23270.143,26763,35128.797,35403.953
2383.331,22741.488,23458.775,24694.467,25911.291,18252.703,41455.699,23751.715,26804.615,34992,35920.375
2393.387,22833.637,23394.787,26085.834,25823.562,18597.648,41349.602,22482.262,26375.131,35093.895,35667.891
2403.444,22827.238,24070.9,25539.666,26219.209,18615.379,42204.652,22897.404,26009.061,35118.918,35770.109
2413.5,23248.301,24022.338,26901.867,26364.188,18576.436,43015.348,23032.572,25943.414,34479.355,35033.578
2423.556,23211.713,23668.787,25869.166,26206.834,18440.416,41098.27,22620.619,26086.232,34581.227,35014.312
2433.612,23171.074,23198.613,25949.934,26046.688,18395.945,41513.746,23268.023,26394.121,35356.441,35025.766
2443.669,22828.4,24251.75,26154.434,26566.334,18498.936,41310.383,23342.023,26226.283,34903.238,34949.922
2453.725,22862.738,23621.275,25921.066,26198.312,18560.74,40150.984,22283.023,26715.799,34928.785,34392.125
2463.781,23271.738,23644.775,26406.199,26695.875,18461.148,39954.078,22195.738,26713.555,34793.68,34069.688
2473.837,23063.537,23709.4,26905,26136.271,18639.129,40335.508,22336.215,25976.656,35276.453,34181.188
2483.894,23286.65,24104.725,27423.633,25464.166,18746.389,40367.445,21933.023,25895.252,35815.285,34561.625
2493.95,23492.012,23625.875,27455.633,26574.854,18284.861,39866.922,22281.738,26146.322,34799.191,34643.844
2504.006,23525.787,23900.475,26395.467,26032.312,18557.389,40435,22692.619,26269.303,34595.344,34767.594
2514.062,23271.15,23660.225,27551.834,26207.854,18582.379,40214.938,22842.904,25844.434,35919.355,34916.391
2524.119,23625.312,23399.912,27219.268,26796.104,18403.99,39416.523,22807.023,26337.707,34751.25,34512.281
2534.175,23633.85,23745.426,28250.467,26305.979,18535.361,40606.477,22589.023,25961.385,35409.344,34881.984
2544.231,23532.613,23222.588,27260.334,26967.75,18640.898,41039.43,23296.238,25492.666,34875.977,35313.172
2554.287,23053.801,23282.662,28020.133,26680.729,18542.139,40014.383,22418.023,25820.859,34986.645,35219.547
2564.344,23660.188,23371.875,27765.268,26428.084,18423.908,40788.793,22678.334,25998.363,35203.523,34909.234
2574.4,23238,23568.088,28525.066,26637.771,18619.213,40422.668,23308.191,25610.07,35086.809,34912.031
2584.456,23585.238,23851.887,27678.334,26576.812,18456.916,40291.176,23386.666,25497.223,35288.453,34846.266
2594.512,22893.65,23790.588,28525.133,26878.084,18729.445,40511.285,23193.857,25282.809,34385.582,34565.219
2604.569,23211.688,23362.225,28317.6,26859.979,18251.805,39885.824,23790.904,25542.152,34571.395,34894.906
2614.625,23375.25,23033.25,27666.166,26992.5,18095.047,40005.699,23317,25483.879,34438.488,34929.219
2624.681,23703.176,23893.025,28235.199,26111.459,18239.111,40168.383,23563.285,25282.799,34733.25,34926.312
2634.737,23537.213,23806.037,28441.199,27172.666,18689.926,40968.922,22870.191,24933.303,33513.395,34525.156
2644.794,23173.426,23513.188,28657.768,27035.396,18506.527,40607.922,22995.5,25206.102,34506.012,34666.062
2654.85,23660.199,23459.949,28319.1,26961.979,18394.203,39603.207,23411.738,25007.283,34470.117,33759.969
2664.906,22980.551,22963.375,27960.666,26828.459,18374.732,39327.969,23348.572,26080.172,34485.332,34013.203
2674.962,23351.824,23026.949,27907.268,26818,18509.537,38821.602,23178.572,25503.262,34218.906,34408.594
2685.019,23531.5,23355.863,28029.232,26476.666,18698.055,39282.16,23273.357,25524.555,33985.227,35133.734
2695.075,22883.312,22504.025,27425.199,26814.166,18252.639,38454.762,23354.072,25415.92,34149.203,34933.469
2705.131,23232.85,22627.051,27521.268,26224.938,18504.834,38568.871,23467.357,25714.121,33630.523,34892.031
2715.188,23030.949,22673.375,27251.367,26758.916,18351.436,38491.809,22808.047,25568.939,34239.68,34347.844
2725.244,22941.713,22915.963,27631.066,26984.854,18341.26,38937.047,23334.404,25345.646,33645.738,34643.156
2735.3,23183.025,22464.562,28172.5,26884.709,18534.908,38428.617,22792.762,25605.908,33800.023,34319.922
2745.356,23500.6,22596.662,27441.934,26754.125,18571.768,38497.637,23063.096,25774.678,33536.262,34790.484
2755.412,22961.688,22351.312,27251.166,27044.979,18339.537,37534.363,23182.953,25443.201,33821.762,34654.594
2765.469,22876.426,23112.699,27615.801,26821.791,18299.277,37350.57,22975.881,25846.354,33110.691,34929.188
2775.525,23096.15,22985.162,27020.867,26401.354,17985.676,37461.715,23595.809,25948.92,33626.168,34836.25
2785.581,22612.088,22774.074,27033.1,27548.396,18098.861,36933.57,23168.738,25298.516,33013.762,33934.547
2795.637,22748.875,22835.812,26508.334,26109.562,18237.047,37394.84,22765.619,25662.748,33325.418,34773.312
2805.694,22343.312,22156.824,27204.066,25984.709,18203.537,37328.793,23013.977,25157.08,32840,34567.359
2815.75,22637.938,22664.812,26471.732,26148.666,18454,36916.145,23043.477,25194.506,32818.691,34179.047
2825.806,22569.262,22207.125,26697.533,26308.896,18186.555,37350.539,22171.762,25454.303,32609.465,33702.125
2835.862,23179.699,22453.15,26566.367,25556.562,18357.352,37402.16,22829.834,25960.494,33288.895,34515.859
2845.919,23073.812,22339.926,26810.301,26285.021,18253.084,37179.145,22643.547,25630.92,33778.145,34463.703
2855.975,22893.012,21952.574,27435.867,25928.416,18472.203,37332.363,22967.262,24924.98,32733.215,34482.969
2866.031,23021.188,22138,27692.133,26261.166,18247.564,36980.129,21894.928,25660.475,33401.703,34046.078
2876.087,22459.426,22987.988,27101.768,25866.416,18488.232,38054.461,23097.953,25378.494,33261.656,35113.672
2886.144,22849.551,22954.85,27222.232,26249.75,18406.926,37394.191,22074.785,25473.273,32937.465,35288.875
2896.2,23004.025,23108.725,28772.232,25939.854,18241.658,37542.43,22585.809,25515.262,33477.844,34510.141
2906.256,22894.25,22742.051,27675.334,26561.562,18232.777,37421.777,22516.072,25507.404,32911.867,33629.875
2916.312,23067.537,22836.449,27420.533,26259.271,17821.324,37230.031,21582.238,25365.07,33187.023,32829.734
2926.369,23160.199,23081.238,28566.268,25818.834,17988.268,36534.809,22942.072,25629.031,33901.25,33918.094
2936.425,22901.625,22702.613,27541.1,26426.166,18056.047,37310.57,22617.428,25398.373,32997.43,34116.906
2946.481,22931.375,22520.662,26810.434,25780.666,18085.305,36335.73,22810.309,25286.465,33844.645,33575.516
2956.537,22927.949,22520.625,29068.066,26161.021,18072.584,36502.777,22482.285,25334.092,32890.133,34555.922
2966.594,22641.375,23285.475,26682.199,26081.916,17973.879,36348.078,22764.547,25496.354,33008.309,33892.406
2976.65,23201.988,22719.725,26958.334,26024.791,17841.148,35827.238,21874.238,25024.385,33295.453,34260.547
2986.706,23033.85,22307.824,27237.5,26496.688,18217.5,35862.855,22253.428,25483.434,33285.645,34116.094
2996.762,23005.812,22497.812,27338.268,26275.521,18157.777,35116.793,22723.143,25520.414,32775.668,34033.969
3006.819,22756.35,22516.65,28091.834,25760.666,17904.297,35246.762,22626.096,25423.809,32599.203,34593.141
3016.875,23147.562,23170.5,27365.666,26238.396,18115.361,35844.73,22468.143,25371.555,32683.023,34921.359
3026.931,23179.137,22783.787,27046.867,25980.834,17989.973,35948.555,22637.977,25270.312,32581.143,34886.266
3036.987,22599.037,22423.938,27829.434,26462.312,17944.223,36682.984,22443.119,25642.404,33503.012,35125.844
3047.044,23080.088,23096.699,27534.934,26367.916,18225.084,35963.855,22445.143,25363.273,32735.416,33944.531
3057.1,23473.699,22754.037,26990.434,26181.084,18198.842,36561.699,22797.191,25702.08,32942.441,34393.594
3067.156,23193.363,22767.15,27480.133,26091.584,18300.527,36457.047,22347.119,25147.373,32386.607,34649.609
3077.212,23087.562,22962.812,27379.434,26312.666,18078.51,36412,22414.785,25772.787,32910.262,34978.547
3087.269,23044.662,22830.125,26497.666,25971.334,18347.592,36744.746,22861.428,25037.768,32320.703,35195.922
3097.325,23105.338,22887.875,27400.801,26034.188,18308.584,36787.668,22110.762,25421.02,32183.512,34636.719
3107.381,23149.375,22683.725,27609.768,26289.834,18497.564,36485.363,22995.453,25180.627,32238.5,34749.688
3117.438,22970.301,22484.051,26749.367,26538.625,18173.436,37583.762,22416.881,24892.162,31753.535,34224.859
3127.494,23232.275,22830.75,27240.5,26491.916,18149.26,36879.16,22453.977,25531.99,31751.965,34642.422
3137.55,22609.301,22288.438,27165.867,26327.916,18272.232,37237.254,23031.428,25297.596,31551.488,34584.578
3147.606,23248.262,23110.488,26860.801,26925.812,17909.436,37814.762,22487.785,25089.555,31351.012,34989.266
3157.662,23251.775,22667.637,26853.033,26890.438,18436.203,37145.715,22583.643,24885.232,30867.738,35529.844
3167.719,22841.588,23073.812,27272.6,27209.916,18333.564,37129.777,23428.072,24441.455,31252.334,35205.312
3177.775,23218.537,23002.938,26589.033,26138.229,18198.416,37073.094,22962.785,24525.576,31352.584,34994.359
3187.831,23271.762,23353.613,26807.334,26330.854,17889.898,37317.176,23488.023,25087.283,30652.988,35721.531
3197.887,23147.625,22602.4,26102.467,25801.604,18025.963,36778.938,22895.262,25122.828,31103.107,35001.453
3207.944,22346.188,23215.725,26764.566,25879.834,17942.084,36629.969,22843.023,25109.898,31496.953,34595.25
3218,23111.551,23493.725,27062.1,26596.812,17943.297,37447.176,23324.5,24620.322,30380.666,35002.109
3228.056,22717.449,23248.338,27470.934,26569.166,17981.445,36346.668,23115.357,24660.07,30753.869,35504.891
3238.112,22517.238,22140.812,27242.133,26831.291,18340.398,37440.699,23429.143,24952.727,30762.535,35222.422
3248.169,22726.074,22204.875,27310.732,26248.834,17809.463,37981.094,22912.666,25292,31000.535,35439.062
3258.225,22743.75,22398.199,27490.732,26754.125,17989.074,38395.176,22808.119,25195.908,30591.477,34764
3268.281,22871.926,22284.4,27365.768,26876.146,18190.787,37944.809,22743.834,25602.738,31057.797,35067.156
3278.337,22757.5,23688.225,27811.1,26641.584,18203.084,37620.078,23413.881,25422.373,30635.084,34892.75
3288.394,22551.562,22672.838,27063.633,26387.104,18134,38138.809,23216.715,25819.939,30283.643,34487.266
3298.45,22724.287,22926.85,28139.1,26265.896,17917.5,38093.016,23990.357,25470.959,30300,35160.219
3308.506,22247.225,22828.988,27402.301,26342.209,17841.584,38251.316,23797.404,25079.322,30443.846,34791.203
3318.562,22374.75,22934.301,26953.768,26205.021,17583.166,38155.43,23304.953,25405.363,31282.309,35479.812
3328.619,22360.988,23093.863,28151.301,26521.438,17759.908,39058.414,22872.428,25119.586,30111.512,35542
3338.675,22792.375,23687.676,28525.066,26165.875,17835.268,39134.699,24104.762,25278.646,30614.369,34698.875
3348.731,23129.324,23174.551,28096.467,25693.938,18078.527,38743.809,22800.477,25259.666,30868.809,35645.641
3358.787,22578.375,23269.449,27747.033,26058.188,17671.297,39027.16,23244,25669.727,30526.631,34957.125
3368.844,22902.225,23107.012,28383.268,26327.916,17854.305,39248.762,23156.881,25371.07,30609.428,35529.891
3378.9,22544.088,23670.5,28247.367,25781.604,17718.297,39134.684,23100.072,25390.484,30315.797,35364.016
3388.956,22100.162,23802.613,28340.467,26124.916,17701.814,38815.031,23067.357,25935.99,30584.941,35113.703
3399.012,22773.525,23753.463,29269.5,25833.979,18082.342,39430.348,23681.953,25436.252,30171.428,35862.391
3409.069,22494.324,23085.238,27820.301,26200.104,17971.324,40018.094,22280.691,25419.182,30012.857,35212.422
3419.125,22878.15,23671.088,29477.066,26420.459,17995.5,39540.699,23619.762,25769.092,30144.166,35688.672
3429.181,22943.963,23739.113,28622.666,25411.666,18096.75,39301.078,22755.857,25242.131,29894.107,35358.281
3439.237,22469.725,23789.463,28636.5,25563.312,17781,39476.109,23847.762,25481.98,29903.857,36061.188
3449.294,22464.051,23684.262,28457.867,25663.334,17822.129,38875.43,23510.928,25815.312,29629.334,35386.125
3459.35,22637.912,23609.262,29414.4,25795.959,17864.963,39320.617,23322.381,25277.678,29495.273,35558.469
3469.406,22986.324,23965.662,28567.801,25912.291,17547.121,39446.363,22954.191,25561.08,29614.035,35364.625
3479.462,22327.824,24357.488,28274.967,25939.834,17911.527,38661.777,23049.977,25212.98,29658.738,35963.891
3489.519,22471.475,24900.975,28634.867,25681.541,17308.547,39772.508,22958.523,25341.445,29548.631,36096.219
3499.575,22348.449,24620.113,29298.5,26010.438,17798.852,39875.699,22667.547,25626.727,29104.131,35763.641
3509.631,22350.725,24336.975,29382.334,25117.938,17617.49,40410.27,22548.666,25346.555,29757.369,35352.516
3519.687,22183.137,24502.312,29362.566,26201.188,17829.342,40045.652,23218.953,25086.799,29404.273,35499.125
3529.744,22476.588,24288.887,29107.699,25987.604,17447.945,40412.508,22142.334,25488.506,29460.977,35652.141
3539.8,22057.838,23915.375,29304.6,26184,17707.314,40028.191,22910.5,24933.809,29899.035,35620.031
3549.856,22107.574,24923.926,28976.633,25744.438,17856.092,39460.207,22410.357,25323.93,29432.607,35271.719
3559.912,22134.512,23558.35,28656.166,25926.541,17904.787,39635.922,22636.977,25091.969,29127.477,34682.5
3569.969,22342.713,24264.312,28673.033,26129.666,17857.297,40262.84,23984.928,24957.363,29032.215,34808.391
3580.025,22585.775,24333.463,29100.166,26016.104,18003.037,39904.73,22484.357,25304.959,29530.143,34566.672
3590.081,22437.074,24880.387,28640.967,26399.438,17678.037,39747.16,22988.953,25172.799,29102.988,35281
3600.137,22223.213,24432.5,28238.301,26086.75,17532.76,39205.953,23125.215,24814.484,29410.334,35913.859
3610.194,22433.162,24770.025,29461.768,25732,17663.648,39925.109,23388.904,24835.303,29464.285,35354.656
3620.25,22286.037,24800.926,28616.6,25436.479,17767.037,39603.191,23591.547,25397.434,29228.393,34849.109